indice_tiempo,total_bienes,cobros_exportaciones_bienes,bienes_cobros_exportaciones,bienes_cobros_anticipados_exportaciones,bienes_cobros_financiamientos_locales_exportaciones,bienes_cobros_prefinanciaciones_expo_del_exterrior,bienes_cobros_otros_ingresos_bienes,pagos_importaciones_bienes,bienes_pagos_anticipados_importaciones,bienes_pagos_a_la_vista_importaciones,bienes_pagos_diferidos_impo_otros_egresos_bienes
2003-01-01,1120.931976429311,1878.693829903865,1254.4148651935243,372.2363164729645,14.769771,234.797091,2.475786237376188,757.7618534745542,162.12816794769785,64.31694485719824,531.3167406696581
2003-02-01,892.2798088424054,1634.260783372969,1085.6775203951236,331.42826593785315,20.621967,190.780655,5.752375039992058,741.9809745305636,182.84563339516959,53.470328236768424,505.6650128986257
2003-03-01,988.6726363601956,1851.3766888489158,1236.5190362878316,403.0425606352664,16.81247,192.319385,2.683236925817752,862.7040524887202,212.29484598374603,86.80051907981093,563.6086874251631
2003-04-01,1138.84639288739,2103.287541601202,1214.7050959423652,578.8521988725255,29.891636,276.1672511107448,3.671359675566525,964.441148713812,206.18838939410915,115.16511776923865,643.087641550464
2003-05-01,1453.8477456003643,2436.4957066062866,1376.8085676923179,660.5624753133809,25.845999,370.667886,2.610778600587582,982.6479610059222,225.45044094892603,124.37131730549754,632.8262027514984
2003-06-01,1470.2689909611963,2433.7502998380023,1496.98903788788,632.1804317552538,43.781874,256.090315,4.708641194869054,963.4813088768059,223.3919483813467,140.4349127635644,599.6544477318948
2003-07-01,1241.9254194464218,2361.489425966352,1501.2223875352684,509.2205135121078,54.784072,292.64107656385613,3.621376355119323,1119.5640065199302,283.47944697883537,174.9337351303055,661.1508244107898
2003-08-01,921.2441347302533,1954.3152899125312,1389.9455135815112,384.935625071884,54.564973,121.734476,3.134702259135862,1033.0711551822778,231.2618611216976,129.81743967204505,671.991854388535
2003-09-01,749.040170724681,1952.8707990538078,1273.9136046470883,410.39774737066335,48.492786,216.27006103694367,3.796599999112531,1203.8306283291267,286.27197538247367,151.4124224360669,766.1462305105862
2003-10-01,1047.0154544224265,2182.274729266059,1375.5029684923886,440.0466244944924,73.753775,288.59274765881696,4.37861362036089,1135.2592748436323,291.72913741887714,155.24911399488096,688.2810234298744
2003-11-01,697.8775860102319,1792.118146940637,1247.8647995155184,301.2972580721825,83.628751,156.14450918067388,3.1828291722622026,1094.240560930405,278.722447442205,156.8780907037245,658.6400227844756
2003-12-01,874.4636904839253,2297.6682736045614,1506.3597728057205,473.6307750039141,73.87555569920698,235.7636188738541,8.038551221865227,1423.204583120636,303.3719176566403,209.4441591263381,910.3885063376578
2004-01-01,1159.0176507534,2318.5531595876,1284.7335392309,608.8846232551,123.268331654,295.741084,5.9255814476,1159.5355088342,254.5598109043001,173.17684858880003,731.7988493411002
2004-02-01,538.1803947389008,1729.5595220500004,1186.6290922635003,370.35670759149997,50.484181,117.50769985230001,4.5818413427,1191.3791273110996,260.82053809160004,208.4064377154,722.1521515040998
2004-03-01,1009.4032429041999,2473.6548018907997,1576.0764920768,601.7920174336999,92.902009,195.2909371408,7.5933462395,1464.2515589865998,333.94886933630005,252.60901101089996,877.6936786393999
2004-04-01,1531.9702716898003,2938.7287532367995,1847.8247254162998,735.7117586531001,72.791234,276.1832920688,6.2177430986,1406.7584815469993,311.0569618797001,258.17964216440004,837.5218775029
2004-05-01,1720.5197087019997,3132.6859982962,1991.3917362499003,717.5283930894999,102.065672,316.41743869889996,5.2827582579,1412.1662895942004,306.11910447739996,250.64613346040002,855.4010516564001
2004-06-01,1456.5535952233997,3046.2556936973,2001.2324521966998,601.1852468443001,136.383169,300.93526804400005,6.519557612299999,1589.7020984739004,325.9859615154,308.3012330023999,955.4149039560999
2004-07-01,979.1652573949004,2576.7512179397004,1739.6785336031996,435.26861934709996,157.73360533340002,236.704786,7.3656736559999985,1597.5859605448,341.83179356100004,302.14190231530006,953.6122646685002
2004-08-01,665.1504287040002,2271.6476693788,1600.3553844854996,413.24711264730007,116.41548512779998,129.460519,12.169168118199998,1606.4972406747997,292.9762985097,305.3516406572,1008.1693015079
2004-09-01,860.6521993315996,2663.1084344263,1848.382747817,480.4416272923,133.15448829800002,191.294717,9.834854019000002,1802.4562350947003,324.5907069775,403.8662246832,1073.9993034339998
2004-10-01,734.3186884601996,2409.3231732379995,1643.6520431466995,448.35864763319995,154.108313,150.40474,12.799429458100002,1675.0044847778,310.07515182299994,307.9708325754,1056.9585003794
2004-11-01,680.0337772139003,2346.7709215652003,1537.1382203858,469.35288465210004,176.799638,156.662682,6.817496527299999,1666.7371443513,308.43539407630004,303.9225103225,1054.3792399525003
2004-12-01,1443.6472816612002,3301.2875201486,1962.8454271357,597.0985811822999,272.548621116,460.138365,8.6565257146,1857.6402384873998,345.1160836196,349.1304236485,1163.3937312193
2005-01-01,766.8807597307009,2420.1843757147008,1543.8538639676,546.4696712389,158.465216,162.265267,9.130357508200001,1653.3036159839999,299.05104501569997,323.07294047610003,1031.1796304922
2005-02-01,892.8802050224001,2450.4100633987,1580.7985753895,526.0698663168,194.048921,142.70579279199998,6.786907900400001,1557.5298583763,264.0057507607,284.38162196330006,1009.1424856523
2005-03-01,1377.399603167199,3232.5335477348995,2080.6933474954994,667.1145759519,300.215153,162.844333,21.6661382875,1855.1339445677004,342.1497290301,359.7263321747001,1153.2578833629
2005-04-01,1400.2312309261984,3345.9241586371995,1992.1290554607997,918.2795698185997,178.9509521512,240.595083,15.969498206599999,1945.6929277110012,356.3489886095999,396.3918762279,1192.9520628735002
2005-05-01,1734.9226434502998,3824.7625412393004,2183.2922887373006,801.8927017918999,290.5916206832,540.3535835700001,8.632346456899999,2089.8398977890006,365.8684129109,420.01154112989997,1303.9599437482
2005-06-01,1668.5510762751005,3791.9854359794003,2132.8387514439,572.8114802286,465.19024444189995,605.625581,15.519378865,2123.4343597043,388.36510661690005,377.4073850932,1357.6618679941998
2005-07-01,1374.1711057029001,3409.6312684692,2150.4410780109,614.1230979763001,330.6289147884,302.875385103,11.5627925906,2035.4601627663,398.7190261799,433.2415070988,1203.4996294876
2005-08-01,975.427323090199,3211.068136080499,2265.8817932175994,378.9135704069,351.35092434179995,201.524271,13.397577114199999,2235.6408129902998,406.5792632872999,430.4226788238,1398.6388708791999
2005-09-01,395.1310128624996,2588.3852239107005,2224.4102341649,143.1412445463,165.58930814410002,41.902281,13.3421560554,2193.254211048201,377.1515572685,455.9943603902001,1360.1082933895
2005-10-01,704.7530902231001,2750.1056040074004,2441.730060839,118.01255598210001,122.27481571450001,45.949094,22.139077471800004,2045.3525137843003,352.80157807500007,434.44468588090007,1258.1062498284002
2005-11-01,494.3675833747002,2714.6477009284,2168.3854601236,122.14579787090001,331.78161988500005,71.137197,21.197626048900002,2220.2801175536997,334.48378516440005,390.7125799093,1495.0837524800002
2005-12-01,903.9260961615,3181.1938132450996,2327.9931653032995,250.1158550715,363.4983646321,208.305264,31.2811642382,2277.2677170835996,374.3781974287999,436.26594738189993,1466.6235722729004
2006-01-01,823.5480678016986,2852.3059800862993,2108.8082763247,189.51381571809998,329.40433060000004,191.041308,33.5382494435,2028.7579122846007,344.74020929159997,352.9430061552,1331.0746968378
2006-02-01,683.4952928346993,2525.5818137728997,1806.1270926338,231.35729726180003,361.94148426,105.008951,21.1469886173,1842.0865209382005,334.18978983330004,269.82826841760004,1238.0684626872999
2006-03-01,1238.6359717217993,3526.7416650882997,2519.1206478575,312.2705962327,452.793808485,217.7876090304,24.769003482699997,2288.1056933665004,368.7360368759,395.50430519450003,1523.8653512961005
2006-04-01,1352.8031343160997,3531.4187187035,2389.851718283,336.8605034149,435.8641062288,333.016358,35.8260327768,2178.6155843874003,353.13146452090007,322.4665762211,1503.0175436453997
2006-05-01,1825.1242370045006,4285.026450959301,2868.3221739404003,395.83069864110007,477.43393077039997,513.868783,29.570864607399994,2459.9022139548,410.3107510539999,371.08062521959994,1678.5108376811997
2006-06-01,1447.4316089462009,3936.4953134533,2749.6132536949,304.9944312534,578.4568700678001,276.8989349,26.5318235372,2489.063704507099,437.14549797300003,377.3597395240001,1674.5584670100998
2006-07-01,1124.5162357271997,3475.071212304,2244.0585626309,320.8083456303,461.0937550082,421.18454,27.926009034599996,2350.5549765768,371.38205320839995,380.5706720661001,1598.6022513022997
2006-08-01,1093.5981131054,3656.0755881149003,2541.4741684252,333.8612135058,450.39697685690004,278.250015,52.093214327,2562.4774750095003,425.9448433492,452.1755258007,1684.3571058595999
2006-09-01,846.1411762590992,3459.2584612352,2411.6757967396998,291.32717848519997,505.30952628639994,217.625468,33.3204917239,2613.1172849761006,358.29716076219995,420.97038525139993,1833.8497389625
2006-10-01,869.3836077617007,3526.7786623478005,2363.0665652020007,302.4335212845,477.13183145109997,362.143192,22.0035524102,2657.3950545861,383.34249314039994,436.4230393680999,1837.6295220776
2006-11-01,822.9335327281992,3559.8952732865005,2385.0097469699003,288.4060023334,552.9354373975999,310.799918,22.744168585599997,2736.9617405583012,395.92005893119995,438.26060951510004,1902.7810721119997
2006-12-01,1175.6391056374005,3997.4113820789007,2687.4274781956,278.91056724040004,542.9746378648,413.184811,74.9138877781,2821.7722764415003,534.5896725979999,432.5278208882,1854.6547829553003
2007-01-01,1409.6810936407996,4028.0669750457,2721.1912035144,328.7825470528,533.9193009039,405.654039,38.519884574600006,2618.3858814049004,360.1062927386,407.6564334600999,1850.6231552062
2007-02-01,721.7575532355995,3190.9658666675004,2151.6382078633005,263.92622216169997,572.1342675862,165.45554775,37.8116213063,2469.208313431901,305.07048123419986,621.9268029057998,1542.2110292918996
2007-03-01,1136.3137268013002,3986.5233470660005,2563.0023269122003,353.25017805630006,710.961586067,315.362597,43.94665903050001,2850.2096202647003,372.8779016614,459.134914932,2018.1968036712997
2007-04-01,1542.3421586442005,4118.596948090801,2592.586187428201,448.3980914221999,508.68699634669997,541.205572,27.720100893700007,2576.2547894466,356.13318713099994,511.5835472753,1708.5380550403002
2007-05-01,1817.5371816430002,4928.8374015593,3292.9845094326997,550.0625803756001,599.6405253403999,396.912543,89.23724341059999,3111.3002199162997,402.07850970190015,568.8128231099003,2140.4088871044996
2007-06-01,1821.962762533602,4882.705870174601,3006.4621913857004,507.1429267968,602.7669866996,681.572832,84.76093329249998,3060.743107640999,463.96019205630006,520.0930333962001,2076.6898821885
2007-07-01,1309.402906319599,4684.165173472299,2722.6614324135,751.9593919728998,598.4061974033,486.366136,124.77201568260001,3374.7622671527,519.0654840425998,643.0765765973998,2212.6202065127004
2007-08-01,909.4394948529011,4727.439527483701,2657.2280594159997,608.1700117495002,733.7000913313999,555.766116888,172.57524809880002,3818.0000326307995,450.8084353637999,842.1106001054999,2525.0809971615
2007-09-01,838.2413536607,4337.003615252799,2401.766961757199,623.0190190737001,690.7917201504999,479.885424,141.54049027140002,3498.762261592099,389.7722482057002,591.5906033435999,2517.3994100428
2007-10-01,1108.778955027702,4806.0891554843,2870.9445502718,654.4015414546,560.3600407401,510.988758,209.3942650178,3697.310200456598,514.9690967108,568.5676313367001,2613.773472409099
2007-11-01,1096.5292909999994,4651.591735999999,3078.127646,518.89081,592.404002,337.76809,124.401188,3555.062445,452.086574,675.167973,2427.807898
2007-12-01,1731.5906770000006,5115.232165,3322.820865,572.74622,750.064148,322.558567,147.042365,3383.6414879999998,490.193364,508.693157,2384.754967
2008-01-01,1472.4087430000004,5175.428259,3050.09274,786.889734,768.144917,404.836922,165.463946,3703.019516,514.16637,604.519722,2584.333424
2008-02-01,1380.1027910000003,4833.686619,3015.934758,449.264748,585.482269,592.198034,190.80681,3453.583828,443.44196,513.339628,2496.80224
2008-03-01,1187.8500510000003,4560.63583,2950.667026,418.408236,596.089605,400.804833,194.66613,3372.785779,471.66806,523.834492,2377.283227
2008-04-01,2036.1756260000002,6183.880508,3293.875695,864.130124,809.809775,587.217907,628.847007,4147.704882,620.716996,685.896738,2841.091148
2008-05-01,2150.279234,6064.042004,3435.69083,891.635073,704.958349,571.878001,459.879751,3913.76277,567.994335,644.970299,2700.798136
2008-06-01,1639.5091820000007,5667.352359,3499.390692,775.456917,604.066701,435.33824,353.099809,4027.8431769999997,581.425001,667.553583,2778.864593
2008-07-01,1995.7277220000005,6952.6017520000005,4140.067181,1107.907719,772.771201,670.040823,261.814828,4956.87403,549.62155,921.068607,3486.183873
2008-08-01,1689.856756000001,6097.234937000001,3939.403458,926.475502,569.689983,351.779548,309.886446,4407.378181,500.591771,656.950794,3249.835616
2008-09-01,1808.033743,6092.683712,4012.613641,787.867199,777.24751,226.010376,288.944986,4284.649969,502.748442,602.326509,3179.575018
2008-10-01,1389.5723240000007,5809.9816040000005,3827.542284,404.440115,802.593364,502.214591,273.19125,4420.40928,463.272353,627.545209,3329.591718
2008-11-01,2070.735442,5466.040701,4013.467451,384.086388,473.758644,281.811506,312.916712,3395.3052589999998,395.112787,439.642324,2560.550148
2008-12-01,1536.374866000001,5058.416212000001,3185.181184,682.394917,469.3156,327.944835,393.579676,3522.041346,444.72198,391.999441,2685.319925
2009-01-01,1462.328302,4326.0610449999995,2504.79711,716.469651,546.734536,354.150693,203.909055,2863.7327429999996,321.265471,260.831373,2281.635899
2009-02-01,1150.0341040000003,3899.8790510000003,2154.637139,617.380024,711.766833,230.175344,185.919711,2749.844947,285.78064,243.3344,2220.729907
2009-03-01,972.3562278099994,3920.4664149999994,2533.038072,484.492892,613.026426,147.402932,142.506093,2948.11018719,456.73495,326.55125,2164.82398719
2009-04-01,2115.71049854,5009.818495,2936.572443,787.1064,723.330865,335.869125,226.939662,2894.1079964600003,378.31351,394.687059,2121.10742746
2009-05-01,2771.8495067099993,5561.3838129999995,2771.763098,843.099942,825.35197,691.09787,430.070933,2789.53430629,389.233869,323.17896,2077.12147729
2009-06-01,1767.355923,4874.820479,2803.730787,799.879836,569.485561,428.719038,273.005257,3107.464556,498.41393,386.567816,2222.48281
2009-07-01,1303.1090029999996,4232.044172,2709.236344,480.57047,467.517342,353.503882,221.216134,2928.9351690000003,384.297835,349.548104,2195.08923
2009-08-01,1147.4581050000002,4129.919109,2684.399329,558.546291,486.257605,257.869624,142.84626,2982.4610040000002,338.96437,325.421132,2318.075502
2009-09-01,729.758143,3967.52167,2673.17075,539.231842,456.430619,118.017856,180.670603,3237.763527,454.893753,405.67933,2377.190444
2009-10-01,1122.1692209999997,4444.616274999999,2949.621242,672.43103,470.144205,99.646415,252.773383,3322.4470539999998,399.887631,479.89974,2442.659683
2009-11-01,1120.4833840000001,4414.203601,2556.348902,549.285307,590.960292,495.226022,222.383078,3293.720217,390.891732,382.347525,2520.48096
2009-12-01,832.3413360000004,4376.349243000001,2895.943998,423.800059,580.230507,155.268128,321.106551,3544.007907,449.914017,409.146348,2684.947542
2010-01-01,1073.322142,4204.582166,2706.408073,481.173956,460.373108,329.483131,227.143898,3131.260024,409.30006,373.336385,2348.623579
2010-02-01,884.0920200000005,3903.2901080000006,2507.34657,532.510536,518.78481,225.33934,119.308852,3019.198088,381.9297,352.488055,2284.780333
2010-03-01,1254.193174,4811.84513,2927.27698,691.044829,649.000118,341.589166,202.934037,3557.6519559999997,516.50463,498.781603,2542.365723
2010-04-01,2405.2255889999997,5783.871488,2978.600954,1016.478232,791.38004,560.004115,437.408147,3378.645899,469.895494,434.624686,2474.125719
2010-05-01,2572.155857,6183.77578,3511.027088,1096.64768,517.743962,637.642659,420.714391,3611.6199229999997,466.875683,428.446107,2716.298133
2010-06-01,2605.259171999999,6974.789698,4258.612704,1160.85057,686.181438,521.162375,347.982611,4369.5305260000005,601.302106,669.065711,3099.162709
2010-07-01,2062.0895580000006,6411.551858000001,3872.447601,1129.650195,801.763457,419.648033,188.042572,4349.4623,438.50791,706.638868,3204.315522
2010-08-01,1146.3089009999994,5792.3521359999995,3582.052697,869.87548,702.178061,421.107437,217.138461,4646.043235,627.615555,571.868053,3446.559627
2010-09-01,1054.6242419999999,5820.645904,3748.095125,924.359277,566.844774,239.89054,341.456188,4766.021662,571.53504,607.470832,3587.01579
2010-10-01,1337.5369019999998,5790.6434899999995,3391.863511,845.251103,788.833774,540.810973,223.884129,4453.106588,558.292523,522.948452,3371.865613
2010-11-01,395.0429759999997,5629.398795,3451.153151,706.399842,722.929268,608.470735,140.445799,5234.355819,666.168795,584.761655,3983.425369
2010-12-01,1105.18318,6138.315668,3730.527263,897.715938,795.733592,461.858921,252.479954,5033.132488,603.955704,613.560296,3815.616488
2011-01-01,814.4833619999999,5280.474819999999,3017.66089,744.882409,847.160169,526.573287,144.198065,4465.9914579999995,562.344083,544.116421,3359.530954
2011-02-01,327.1879140000001,4502.178477,2776.800074,530.300842,618.650467,427.340014,149.08708,4174.990563,498.623941,506.466313,3169.900309
2011-03-01,1256.7118369999998,5950.500132,3481.427546,924.821355,740.572026,603.166642,200.512563,4693.788295,537.699584,494.625477,3661.463234
2011-04-01,2435.1912119999997,6830.612888,3909.032991,1088.979227,1043.923146,478.307432,310.370092,4395.421676,520.181084,521.146174,3354.094418
2011-05-01,2580.3639619999994,8187.253132,4573.698566,1636.501061,917.43118,802.806996,256.815329,5606.88917,695.191636,730.010931,4181.686603
2011-06-01,1958.3427469999997,7828.890069,4548.178935,1429.033074,929.636096,699.287494,222.75447,5870.547322,749.870115,766.876146,4353.801061
2011-07-01,1383.7918479999998,6986.661215,3986.182459,1132.858532,932.951343,708.444585,226.224296,5602.869367,718.811198,842.894801,4041.163368
2011-08-01,796.3676960000003,7406.022678,4310.305759,1300.54929,933.817017,559.090744,302.259868,6609.654982,748.616392,1076.538621,4784.499969
2011-09-01,684.3728650000003,6926.38258,4278.351972,1171.064331,827.536519,375.511114,273.918644,6242.009715,660.627974,907.191538,4674.190203
2011-10-01,611.1820540000008,6516.997996,4148.94996,972.50143,927.517127,207.155684,260.873795,5905.815941999999,576.273814,804.294995,4525.247133
2011-11-01,1058.757337,5986.357978,3499.935162,812.934965,743.992719,782.325525,147.169607,4927.600641,568.071911,598.619142,3760.909588
2011-12-01,1269.068870000001,6764.751926000001,4283.428439,971.256513,634.199767,612.779669,263.087538,5495.683056,538.237829,590.22651,4367.218717
2012-01-01,1263.8414919999996,6404.322077,3758.378344,899.417693,858.770041,626.461969,261.29403,5140.480585,493.51436,621.714824,4025.251401
2012-02-01,1043.348723,5345.787338,3215.365691,798.169311,649.725486,423.476878,259.049972,4302.438615,43.583479,612.143933,3646.711203
2012-03-01,1353.4308449999999,6836.977365,3723.537899,1040.365507,1042.309462,752.280411,278.484086,5483.54652,205.788318,638.614404,4639.143798
2012-04-01,2401.9776710000015,6614.780175000001,3243.411517,1314.66718,928.772294,709.349642,418.579542,4212.802503999999,240.743579,582.278738,3389.780187
2012-05-01,3281.5237030000008,8890.790311,5459.310812,1345.268631,909.502936,758.373986,418.333946,5609.266608,363.008787,1004.197611,4242.06021
2012-06-01,1323.0826289999995,7063.442999,4366.543305,1342.530723,399.324656,556.014131,399.030184,5740.36037,395.751555,1079.180349,4265.428466
2012-07-01,895.5721400000002,7115.564196,4150.518916,1630.995056,290.237639,843.442117,200.370468,6219.992056,389.992003,984.726331,4845.273722
2012-08-01,764.3484839999992,7189.620333999999,4234.258276,1186.313564,509.289287,785.443985,474.315222,6425.27185,425.087244,1050.71653,4949.468076
2012-09-01,462.4887979999994,5917.013903,3704.360454,935.040458,645.961291,274.37556,357.27614,5454.525105000001,370.75163,868.781531,4214.991944
2012-10-01,521.5019599999996,6658.32286,4260.641573,967.114292,627.84638,503.137284,299.583331,6136.820900000001,442.750334,794.791634,4899.278932
2012-11-01,390.95120300000144,6205.6360460000005,4109.226206,812.981345,566.376269,374.517736,342.53449,5814.684842999999,465.05949,851.045926,4498.579427
2012-12-01,1015.8567700000003,6529.772293,4467.823448,737.330841,439.779418,710.098223,174.740363,5513.915523,393.559605,822.190806,4298.165112
2013-01-01,389.37496499999907,6092.487746999999,4139.926358,773.416037,485.461915,415.029845,278.653592,5703.112782,503.069682,936.330421,4263.712679
2013-02-01,105.55908400000044,4774.264235000001,3414.723782,579.790372,296.950182,294.020859,188.77904,4668.705151,483.361434,653.587393,3531.756324
2013-03-01,447.19245599999977,5772.594273,3813.306772,778.07846,452.603551,594.750966,133.854524,5325.401817,463.508598,835.995018,4025.898201
2013-04-01,1503.9781129999992,7484.0121659999995,4563.707867,1219.756595,715.641184,673.082928,311.823592,5980.034053,559.481019,881.728994,4538.82404
2013-05-01,1357.1828490000007,8037.325466,5140.587043,1136.449484,585.989759,870.595439,303.703741,6680.1426169999995,586.298378,1143.278343,4950.565896
2013-06-01,1200.1231950000001,6774.487918,4866.20567,713.418862,356.50172,524.324853,314.036813,5574.364723,500.712737,1101.752841,3971.899145
2013-07-01,491.55309599999964,7406.751274,5360.444238,860.418492,393.626341,426.386239,365.875964,6915.198178000001,597.644746,1265.373362,5052.18007
2013-08-01,213.51852400000098,6851.228101000001,5164.362637,664.901052,391.885086,329.699822,300.379504,6637.709577,562.388214,1144.13312,4931.188243
2013-09-01,-999.4964899999986,5741.317852000001,4358.891768,601.095046,333.323509,270.217278,177.790251,6740.814342,728.693635,993.084659,5019.036048
2013-10-01,-888.3220930000007,5955.858867999999,4515.671942,413.527962,476.510052,320.236581,229.912331,6844.180961,680.490808,925.302258,5238.387895
2013-11-01,-1067.283904,5170.114033,3685.174542,577.525857,366.54793,320.807941,220.057763,6237.397937,645.151959,792.919971,4799.326007
2013-12-01,-963.0585260000007,5189.927838,3224.040432,623.362848,364.776995,776.068422,201.679141,6152.986364,611.702352,769.862367,4771.421645
2014-01-01,-1010.6308530000006,4947.762063,3205.293514,490.644437,289.45713,786.712373,175.654609,5958.392916000001,771.395316,952.704252,4234.293348
2014-02-01,881.4412109999994,4988.771796999999,3191.914738,842.325657,291.4423,474.38912,188.699982,4107.330586,510.806006,717.052523,2879.472057
2014-03-01,701.5490579999996,5196.184447,3092.168908,868.539393,446.578021,620.347218,168.550907,4494.635389,454.334509,864.010041,3176.290839
2014-04-01,1494.778968999999,7298.31831,3907.02909,1316.336496,679.949585,1169.537783,225.465356,5803.539341000001,549.556497,1055.344088,4198.638756
2014-05-01,1316.3631810000006,7008.705415,4075.243359,984.134055,557.45724,1028.0764,363.794361,5692.342234,514.512298,1235.983145,3941.846791
2014-06-01,1399.3600700000006,6602.312677,4372.152742,871.890602,503.708375,471.73735,382.823608,5202.952606999999,572.532983,1066.075455,3564.344169
2014-07-01,1590.095236,7216.322755,5005.201914,885.613532,514.33278,475.234502,335.940027,5626.227519,536.45938,1229.403028,3860.365111
2014-08-01,323.22504300000037,5236.340624,3702.05006,712.143131,277.100182,340.881759,204.165492,4913.115581,583.196485,756.878976,3573.04012
2014-09-01,77.72577700000147,5100.887124000001,3535.394975,594.636321,284.99629,455.341481,230.518057,5023.161346999999,652.558747,819.548441,3551.054159
2014-10-01,602.995136999999,5631.149240999999,3982.560064,687.898169,222.535263,499.884411,238.271334,5028.154104,595.183152,664.364809,3768.606143
2014-11-01,816.9984679999998,4980.639711,3205.520535,674.687927,214.968885,667.16687,218.295494,4163.641243,430.553757,509.088578,3223.998908
2014-12-01,781.5515159999995,5362.081407,3659.748871,680.55016,359.085273,423.550852,239.146251,4580.529891,558.580732,549.384329,3472.56483
2015-01-01,694.7885530000003,4542.01076,2978.071962,560.582748,384.312439,436.981812,182.061799,3847.222207,482.774516,501.313425,2863.134266
2015-02-01,544.4175900000005,3808.2972000000004,2591.426209,415.161418,310.622973,344.511442,146.575158,3263.87961,523.216303,448.677743,2291.985564
2015-03-01,470.09810400000015,4534.900249,2757.838979,538.080202,499.85375,506.836177,232.291141,4064.802145,656.100169,469.570646,2939.13133
2015-04-01,1144.4250670688998,5842.1756084164,3080.006287,907.831116,759.801637,841.26047,253.2760984164,4697.7505413475,727.3216661299,639.9722609445,3330.4566142731
2015-05-01,1104.0969431373005,5479.839258,2873.77776,1018.171314,443.40525,866.258851,278.226083,4375.7423148626995,768.708568,573.218657,3033.8150898627
2015-06-01,1171.7445720000005,6602.920126,3210.984697,1174.849543,614.559772,1158.424428,444.101686,5431.1755539999995,979.52161,704.613115,3747.040829
2015-07-01,557.8047339999985,6044.4499369999985,3316.956809,1073.735643,518.301777,847.146271,288.309437,5486.645203,1000.834854,701.684185,3784.126164
2015-08-01,-381.0190769999999,4482.26714,2797.153746,601.613194,271.1302,604.199141,208.170859,4863.286217,884.114933,682.209224,3296.96206
2015-09-01,-854.9628640000001,4075.9593720000003,2825.419654,460.758357,248.066107,385.563751,156.151503,4930.922236,848.307155,685.397502,3397.217579
2015-10-01,-492.8543320000008,4139.588725,2660.851342,536.97729,296.15262,426.321925,219.285548,4632.443057,689.95752,679.626924,3262.858613
2015-11-01,-1019.5418749999999,3000.883984,2146.139526,234.975868,180.1949,347.117673,92.456017,4020.425859,745.321836,541.366,2733.738023
2015-12-01,643.0225289999998,4458.88087,2393.030738,490.221281,370.897437,1124.154781,80.576633,3815.858341,810.659052,482.689632,2522.509657
2016-01-01,2054.0966250000006,5296.377339000001,2425.958193,908.697052,584.262694,1265.922733,111.536667,3242.280714,507.495352,480.081043,2254.704319
2016-02-01,804.6496060000004,3998.422926,2334.016391,649.317858,496.941014,483.856667,34.290996,3193.77332,451.062656,477.712306,2264.998358
2016-03-01,497.01241799999934,4515.704134,2867.657876,700.453936,463.979241,414.059286,69.553795,4018.6917160000003,543.230266,482.810758,2992.650692
2016-04-01,790.4464850000004,5064.835589,2289.935415,921.351789,648.258632,1161.063266,44.226487,4274.389104,499.802119,556.896077,3217.690908
2016-05-01,1318.8382149999989,6036.94986,2658.278613,1126.378445,859.434467,1324.709274,68.149061,4718.111645000001,618.147945,632.924164,3467.039536
2016-06-01,371.76135499999964,5076.597374,2656.411604,899.925684,574.124989,905.010569,41.124528,4704.836019,609.057161,932.479123,3163.299735
2016-07-01,158.44651000000067,4598.842343,2444.888152,813.539154,611.493442,677.545501,51.376094,4440.395833,629.057475,892.899644,2918.438714
2016-08-01,424.5627340000001,5153.790933,2733.437477,970.03189,677.743959,730.574799,42.002808,4729.228199,561.417199,539.406554,3628.404446
2016-09-01,305.9847224211999,4686.1286162317,2548.1228625393,815.134813,817.382771,464.741856,40.7463136924,4380.1438938105,631.6862303802999,497.08426,3251.3734034301997
2016-10-01,374.8057030000009,4446.502350000001,2466.332404,737.765201,790.525537,432.60652,19.272688,4071.6966469999998,524.116526,569.586832,2977.993289
2016-11-01,634.9257240000006,4555.174248,2394.78038,647.703387,894.461045,594.172288,24.057148,3920.2485239999996,530.584999,406.041975,2983.62155
2016-12-01,445.75117599999976,4651.63097,2858.838542,589.584267,609.546894,565.959006,27.702261,4205.879794,583.641082,378.021826,3244.216886
2017-01-01,1062.8564070000002,5089.8817,2832.100208,787.76895,694.231231,737.275229,38.506082,4027.0252929999997,463.895949,410.142894,3152.98645
2017-02-01,251.54646211679983,3636.5329745657,1925.0481715657002,440.504556,773.563675,474.941366,22.475206,3384.9865124489,463.1138294816999,307.387024096,2614.4856588712
2017-03-01,640.2635427563,5062.4209508274,2972.8714948274,665.865715,1074.703993,320.411064,28.568684,4422.1574080711,586.8502347276,484.1110932842,3351.1960800593006
2017-04-01,730.7964232840995,4619.4383573604,2610.1686303604,645.377464,857.01589,472.244874,34.631499,3888.6419340763005,600.3057303198999,426.91821428400004,2861.4179894723998
2017-05-01,862.8370020000002,5774.5893080000005,3602.01922,796.442578,986.098089,352.106428,37.922993,4911.752306,822.303221,619.39789,3470.051195
2017-06-01,373.1615119999997,5693.119806,3556.135022,809.098692,936.878519,360.455326,30.552247,5319.958294,931.350916,749.149072,3639.458306
2017-07-01,302.16889399999945,5086.703637,2960.075007,830.066543,862.002675,399.52358,35.035832,4784.534743,815.612489,559.507547,3409.414707
2017-08-01,294.9839230000007,5294.2079380000005,3391.571523,695.875359,782.628603,387.174227,36.958226,4999.224015,833.192413,442.375386,3723.656216
2017-09-01,-96.68234699999994,4781.1206839999995,2952.143706,676.369602,867.787588,214.955475,69.864313,4877.8030309999995,739.067046,463.039461,3675.696524
2017-10-01,-131.8810569999987,4773.707029000001,2826.433978,734.156995,939.051746,246.773688,27.290622,4905.588086,690.773024,489.978577,3724.836485
2017-11-01,-475.97114779030017,4339.3271412296,2489.0234162296,639.183162,755.66562,362.458223,92.99672,4815.2982890199,679.9834761524999,441.4692760019,3693.8455368655
2017-12-01,219.94952900000044,4448.697961000001,2689.899731,690.412516,817.453607,199.40066,51.531447,4228.748432,661.706671,352.533777,3214.507984
2018-01-01,280.9115749999992,5025.272956999999,2734.118952,552.36636,1195.624811,515.991433,27.171401,4744.361382,690.357459,409.344483,3644.65944
2018-02-01,436.1921533304003,3828.596415,2161.453126,387.253303,1007.01384,259.213448,13.662698,3392.4042616695997,461.23063356439997,299.4093623273,2631.7642657778997
2018-03-01,-182.1912470000002,3897.267848,2369.553738,568.817089,763.455995,176.210954,19.230072,4079.459095,563.726107,347.128415,3168.604573
2018-04-01,507.6191369999997,4532.662966,2562.195947,417.307254,1258.215689,276.745574,18.198502,4025.043829,596.227299,329.51119,3099.30534
2018-05-01,467.36727399999927,4577.135969999999,2532.893556,917.509569,691.766889,417.424155,17.541801,4109.768696,774.417421,482.001535,2853.34974
2018-06-01,1279.9279166006008,4924.998186000001,2729.333182,889.535986,826.855638,460.651256,18.622124,3645.0702693994,683.996517,462.034581,2499.0391713994
2018-07-01,669.7304320000007,4397.845605,2356.138254,835.762365,746.936908,426.479761,32.528317,3728.1151729999997,648.59484,716.976477,2362.543856
2018-08-01,593.7850229999995,4419.019901999999,2357.717006,766.764069,974.73372,292.557123,27.247984,3825.2348789999996,621.522742,501.492051,2702.220086
2018-09-01,890.794195,3683.731111,2115.726591,709.103012,552.544132,286.921101,19.436275,2792.936916,405.681132,258.450234,2128.80555
2018-10-01,1098.2024419999998,4015.110331,2444.538173,637.1911,646.89902,261.130352,25.351686,2916.907889,457.176104,243.973908,2215.757877
2018-11-01,962.7577210000004,3639.4573960000002,2242.7771790000006,402.827595,789.3090060000001,186.904892,17.638724,2676.699675,438.242659,208.24142800000004,2030.2155879999998
2018-12-01,1317.941738,4056.923796,2481.156069,485.5587060000001,892.2300619999999,182.712384,15.266574999999996,2738.982058,446.6028620000001,182.97373700000003,2109.405459
2019-01-01,1992.6131030000001,4687.279241,2709.509151,605.468577,1065.764229,289.499042,17.038242,2694.666138,440.072553,220.54741,2034.046175
2019-02-01,1391.6658549999997,3767.1483959999996,2127.034095,480.18259,999.384338,139.746337,20.801036,2375.482541,396.819679,164.367986,1814.294876
2019-03-01,1124.4103559999999,3571.670871,1988.126025,548.96116,862.977074,157.645404,13.961208,2447.260515,426.243824,185.555165,1835.461526
2019-04-01,1944.9366339999992,4444.993820999999,2245.398456,966.913819,1007.209871,206.392608,19.079067,2500.057187,534.918857,212.406471,1752.731859
2019-05-01,2609.680765000001,5286.080897000001,2837.082117,1021.897373,938.467693,473.371194,15.26252,2676.4001319999998,594.430888,233.221316,1848.747928
2019-06-01,2381.086857999999,4820.055176999999,2425.091947,806.692705,1015.694084,560.06842,12.508021,2438.968319,464.765684,334.044272,1640.158363
2019-07-01,2021.237876000001,4969.394008000001,2560.809172,857.570427,1206.001475,325.195002,19.817932,2948.156132,485.592121,394.905497,2067.658514
2019-08-01,2023.5997179999995,4932.86094,2664.105178,968.984685,685.119427,585.217532,29.434118,2909.261222,472.751011,401.35848,2035.151731
2019-09-01,2248.345131,5169.380011,3192.923209,1186.904821,159.515447,609.604956,20.431578,2921.03488,517.881059,319.778626,2083.375195
2019-10-01,952.4730689999997,5067.321046,3367.333893,1114.657125,142.258459,423.449902,19.621667,4114.847977,691.726894,304.171202,3118.949881
2019-11-01,2759.0811320000003,5305.756604,3245.399795,1289.750272,289.05646,463.556556,17.993521,2546.675472,239.979032,136.599836,2170.096604
2019-12-01,1994.8180769999994,5724.8487159999995,3228.970023,1509.220242,293.228669,641.503384,51.926398,3730.030639,422.933012,225.988976,3081.108651
2020-01-01,1589.9828400000001,5131.956567,3036.145654,1103.908525,524.442353,444.852212,22.607823,3541.973727,322.6182,197.664945,3021.690582
2020-02-01,778.7808719999998,3505.007153,2232.261969,658.910284,351.698472,249.927359,12.209069,2726.226281,196.126523,176.393432,2353.706326
2020-03-01,708.8271900000004,3743.7753140000004,2465.324985,676.892213,248.806304,337.398084,15.353728,3034.948124,298.161685,240.741669,2496.04477
2020-04-01,292.4189060000008,3938.0542320000004,2521.438853,917.003642,197.257688,275.277216,27.076833,3645.6353259999996,418.393015,257.581337,2969.660974
2020-05-01,315.71298700000034,3853.5645900000004,2885.165371,697.349463,131.829685,128.190012,11.030059,3537.851603,560.268091,216.680024,2760.903488
2020-06-01,1954.776976,4327.321293,3563.445497,568.496359,99.274659,79.675693,16.429085,2372.544317,532.548448,233.972518,1606.023351
2020-07-01,1057.4189949999995,4524.260157,3638.04953,527.461349,96.259233,249.030706,13.459339,3466.841162,584.109451,483.284899,2399.446812
2020-08-01,365.61148900000035,4074.186567,3327.779346,476.045617,125.672332,133.16222,11.527052,3708.575078,598.145835,516.322917,2594.106326
2020-09-01,7.0335439999998925,4429.866645,3691.446254,386.923292,112.661265,216.765797,22.070037,4422.833101,743.093523,649.064921,3030.674657
2020-10-01,43.94680699999981,3979.000045,3263.031813,420.712376,63.148784,217.010018,15.097054,3935.053238,728.750695,533.461109,2672.841434
2020-11-01,450.147731,4196.00724,3525.582454,373.878132,67.633738,215.016533,13.896383,3745.859509,584.635591,459.27821,2701.945708
2020-12-01,927.2715549999994,4653.916823,3356.419201,748.816249,224.283549,305.71454,18.683284,3726.645268,447.554494,480.54028,2798.550494
2021-01-01,1050.567728999999,4877.521078999999,3419.542387,884.546909,108.860857,450.591428,13.979498,3826.9533500000002,395.209378,471.309714,2960.434258
2021-02-01,1445.1255070000007,4757.0088940000005,3776.34582,650.564576,153.595543,163.527214,12.975741,3311.883387,377.925679,403.601275,2530.356433
2021-03-01,1998.5577139999996,6508.557129,4493.258088,1114.68687,412.09761,464.137224,24.377337,4509.999415,534.751757,644.645102,3330.602556
2021-04-01,1933.0373210000007,6728.215425,4659.46366,1247.949851,342.773297,437.178209,40.850408,4795.178104,582.039107,705.512881,3507.626116
